{
    "train_mape": [5.345760689706852, 3.9056623475874463, 3.716878908102711, 3.5430255833330255, 3.4485379426429668, 3.363000015877187, 3.346769280700634, 3.31520895620808, 3.268206117724379, 3.2641050665204725, 3.2507917357732854, 3.208349112768968, 3.219854548635582, 3.187146104189257, 3.1745405915689964, 3.1609943951293826, 3.152164659211412, 3.1230882265294593, 3.1481930313135185, 3.109769504542152, 3.0925979816478986, 3.090088683484743, 3.083936123965929, 3.0927165491196016, 3.0702093090520552, 3.0749345122401914, 3.037316422406584, 3.0329671180186173, 3.0254649850167334, 3.0068553002209715, 2.994536133321623, 2.990532210872819, 3.0114777133986355, 2.991593551468104, 3.0268973740562797, 2.995778873010228, 2.998896802452703, 2.989519506699095, 3.033908568341285, 3.003323022648692, 2.9477422811401386, 2.9714650344786544, 2.974809897126009, 2.9618908758523563, 2.936177438373367, 2.9215821829500297, 2.9312511374335735, 2.8958337175784012, 2.8852792201191186, 2.876984571684152, 2.945367300516615, 2.9269318032978724, 2.8721070433811593, 2.858522617680331, 2.841158055057749, 2.8354512299286823, 2.816078138096879, 2.8118162897136063, 2.803748882114887, 2.7905664997237425, 2.7840625473546483, 2.762186291757971, 2.8186764268763365, 2.7759740690949064, 2.7591289180113625, 2.7521753239631654, 2.7435719356437525, 2.718376850169152, 2.7295282055127124, 2.7147957687731834, 2.7048479131919643, 2.6953273537320395, 2.6806096271953237, 2.6740774481060603, 2.661714700181037, 2.636927160785223, 2.637583816293627, 2.6251352997807165, 2.613479470896224, 2.6047197679181893, 2.606371775555114, 2.591421077096214, 2.576178378658369, 2.570413001511867, 2.5632173337383817, 2.567202493455261, 2.544752651521315, 2.5329317754879592, 2.52301944648847, 2.516369747007266, 2.5132345504531015, 2.4907628136035056, 2.485453329291195, 2.4799380774920183, 2.4712903615801283, 2.463051180352146, 2.454329118554791, 2.4420772357378153, 2.4370525091700257, 2.4295874420211963],
    "val_mape": [4.0668343092749515, 3.568959231475989, 3.7631733459730943, 3.266257617448767, 3.109058422992627, 3.4695747520029543, 3.0966154721627634, 3.075265664284428, 2.9767109234134357, 2.9921183571964503, 3.022518461619814, 2.865010284408927, 4.001059336016575, 3.17915317663302, 2.9045991713553665, 2.8466212471822896, 2.9954562356571355, 2.94973354468743, 2.9924546435226995, 3.1649125911047062, 2.819458547011018, 2.767841368292769, 2.800198556681474, 2.9372860551128785, 3.16620661812524, 2.8830653468519447, 3.0312552158286175, 3.021991517643134, 2.77660255809625, 3.298862320408225, 2.9026881594955922, 2.7472671476751565, 3.1025061763077972, 2.889881799767415, 3.0426404790828627, 2.733375231747826, 2.9711891998598974, 3.2779606809467077, 2.80302625130862, 2.8267326177159946, 2.846047380591432, 3.0982512835164866, 2.7440848085284233, 2.8757399539649486, 2.691714722762505, 3.076476027270158, 2.9900891081243754, 2.6856907398750383, 2.745395711325109, 2.8414565727114676, 3.4279876626531283, 2.9992932892342408, 2.6846627977862956, 3.0726786165684463, 2.8284778298685946, 2.82040207674106, 2.8866557597865663, 2.680604166413347, 2.8089095695565143, 2.631419826770822, 2.6488426954299213, 3.325654108847181, 3.297033455794056, 2.6617495151609183, 2.9389694044490655, 3.004082328155637, 2.644438572799166, 2.5684712215761345, 2.7139541404445966, 2.5919703341523808, 3.067620789259672, 2.556300299043457, 2.6347072648008663, 2.7675562057395777, 2.551971067835887, 2.550755832195282, 2.6690329479426147, 2.5619884289676946, 2.4847861654063066, 2.5023391327137747, 2.519926602554818, 2.5054592496405044, 2.6218489094326896, 2.498552059928576, 2.6229735797892015, 2.571160069592297, 2.4600220796093346, 2.5025125629703204, 2.4630171107749144, 2.451674527823925, 2.4561286929994823, 2.5152894626930355, 2.4314191136012475, 2.67484687919418, 2.4397570629914602, 2.4238143753632904, 2.5295507701983055, 2.389233279787004, 2.424496740413209, 2.402500536305209]
}